{
  "name": "oclazyload",
  "version": "1.1.0",
  "description": "Load modules on demand (lazy load) with angularJS",
  "main": "dist/ocLazyLoad.js",
  "homepage": "https://github.com/ocombe/ocLazyLoad",
  "authors": [
    "Olivier Combe <olivier.combe@gmail.com>"
  ],
  "license": "MIT",
  "keywords": [
    "lazy load",
    "lazy-load",
    "lazyload",
    "load on demand",
    "module",
    "angular",
    "angularJS"
  ],
  "ignore": [
    "**/.*",
    "node_modules",
    "bower_components",
    "src",
    "gulpfile.js",
    "package.json",
    "changelog.js",
    "validate-commit-msg.js",
    "tests",
    "karma.conf.js",
    "examples"
  ],
  "devDependencies": {
    "angular-mocks": ">=1.2.0"
  },
  "dependencies": {
    "angular": ">=1.2.0"
  },
  "_release": "1.1.0",
  "_resolution": {
    "type": "version",
    "tag": "1.1.0",
    "commit": "c282f8f47736c195a4079024f62f3c9e16420619"
  },
  "_source": "https://github.com/ocombe/ocLazyLoad.git",
  "_target": "^1.1.0",
  "_originalSource": "oclazyload",
  "_direct": true
}